,src,tgt,distance
0,17,4,28.844410203711913
1,17,19,47.01063709417264
2,17,31,55.31726674375732
3,4,11,54.12947441089743
4,4,19,39.824615503479755
5,416,390,43.46262762420146
6,416,496,54.589376255824725
7,416,263,97.26767191621273
8,1421,1397,31.827660925679098
9,1421,1442,17.08800749063506
10,1421,1358,58.18934610390462
11,1442,1397,41.6293165929973
12,1442,1467,46.69047011971501
13,598,653,33.61547262794322
14,598,591,44.01136216933077
15,598,496,71.34423592694787
16,343,396,42.20189569201838
17,343,322,37.8021163428716
18,343,390,36.61966684720111
19,343,295,31.38470965295043
20,1358,1397,33.24154027718932
21,1358,1333,75.61084578286372
22,1358,1354,38.2099463490856
23,215,224,71924.0
24,765,784,121273.0
25,1,5,17.46424919657298
26,1,11,16.278820596099706
27,35,29,27.80287754891569
28,35,92,92.26592003551474
29,35,25,30.805843601498726
30,35,42,29.966648127543394
31,236,256,34.0
32,236,225,21.840329667841555
33,236,220,20.808652046684813
34,236,263,27.202941017470888
35,236,295,45.5411901469428
36,236,190,32.55764119219941
37,256,245,31.38470965295043
38,256,322,40.22437072223753
39,256,225,23.769728648009426
40,256,295,37.013511046643494
41,225,245,39.293765408777
42,225,190,30.01666203960727
43,220,263,28.442925306655784
44,220,190,30.479501308256342
45,263,390,78.44743462982075
46,263,295,41.012193308819754
47,295,390,50.0
48,295,322,46.17358552246078
49,1482,1471,29.206163733020468
50,1482,1504,30.675723300355934
51,1482,1481,18.027756377319946
52,1434,1440,25.298221281347036
53,1434,1397,43.86342439892262
54,1434,1463,38.3275357934736
55,1434,1467,42.720018726587654
56,1434,1399,38.01315561749642
57,1440,1463,35.510561809129406
58,1440,1475,38.897300677553446
59,1440,1399,39.05124837953327
60,1397,1399,52.009614495783374
61,1397,1354,44.68780594300866
62,714,682,32.202484376209235
63,714,677,34.17601498127012
64,714,705,28.792360097775937
65,714,735,36.40054944640259
66,806,781,30.675723300355934
67,838,860,25.179356624028344
68,838,821,43.86342439892262
69,838,820,23.600847442411894
70,838,807,49.193495504995376
71,327,512,115.35163631262454
72,512,513,99325.0
73,617,631,37.36308338453881
74,617,688,55016.0
75,54,36,50.60632371551998
76,54,31,45.0111097397076
77,54,49,23.769728648009426
78,54,66,27.018512172212592
79,31,33,44.384682042344295
80,31,19,42.44997055358225
81,31,36,49.24428900898052
82,31,49,44.77722635447622
83,49,33,35.0
84,49,43,30.364452901377952
85,49,63,29.0
86,49,66,40.80441152620633
87,66,87,34.20526275297414
88,66,99,37.48332962798263
89,66,63,46.84015371452148
90,66,75,37.33630940518894
91,5,11,29.832867780352597
92,5,15,30.886890422961002
93,11,19,26.076809620810597
94,33,43,20.615528128088304
95,33,19,61.05735008989499
96,15,21,35.11409973215888
97,15,2,44.28317965096906
98,92,121,46.2709412050371
99,92,124,59.665735560705194
100,92,128,74.33034373659252
101,92,74,64.41273166075166
102,21,40,63.97655820689325
103,21,13,41.593268686170845
104,21,26,46.400431032480725
105,21,2,31.78049716414141
106,42,29,30.4138126514911
107,42,34,26.90724809414742
108,42,60,30.886890422961002
109,42,45,25.709920264364882
110,188,165,15.264337522473747
111,188,235,40.311288741492746
112,188,171,29.120439557122072
113,188,140,35.12833614050059
114,165,171,20.615528128088304
115,165,140,24.596747752497688
116,234,238,32.28002478313795
117,234,257,29.0
118,234,269,30.23243291566195
119,451,489,24.698178070456937
120,451,424,19.026297590440446
121,451,467,23.769728648009426
122,424,406,29.154759474226502
123,424,383,25.942243542145693
124,424,467,36.235341863986875
125,406,360,27.018512172212592
126,406,383,40.80441152620633
127,406,439,32.64965543462902
128,406,467,39.20459156782532
129,383,397,27.0
130,383,344,23.40939982143925
131,383,360,42.720018726587654
132,383,361,24.041630560342615
133,286,245,38.948684188300895
134,286,312,32.7566787083184
135,286,335,30.01666203960727
136,286,322,35.77708763999664
137,335,312,38.600518131237564
138,335,360,30.528675044947494
139,335,322,35.84689665786984
140,322,245,45.39823785126467
141,322,396,48.16637831516918
142,361,397,19.72308292331602
143,361,344,25.495097567963924
144,361,247,8458.0
145,496,521,52.20153254455275
146,496,591,60.40695324215582
147,496,390,77.87810988975015
148,390,396,64.1248781675256
149,390,521,87.86353054595519
150,396,521,94.02127418834527
151,396,468,54.62600113499065
152,396,439,43.139309220245984
153,1485,1464,22.135943621178654
154,1485,1465,11386.0
155,1492,1490,6577.0
156,1534,1522,20.591260281974
157,1534,1535,19.0
158,1503,1506,33.37663853655727
159,1503,1522,43.278170016764804
160,1503,1490,34.66987164671943
161,1503,1480,30.675723300355934
162,1513,1526,32.01562118716424
163,1513,1481,63.7808748764079
164,1513,1506,34.88552708502482
165,1513,1535,30.805843601498726
166,1513,1522,37.94733192202055
167,1526,1504,60.207972893961475
168,1526,1481,70.09279563550022
169,1526,1535,33.52610922848042
170,1481,1504,39.59797974644666
171,1506,1522,28.442925306655784
172,1506,1480,41.048751503547585
173,1535,1522,34.132096331752024
174,1399,1354,34.9857113690718
175,1354,1333,44.598206241955516
176,735,705,24.041630560342615
177,366,403,40.311288741492746
178,366,336,22.67156809750927
179,245,312,68.26419266350405
180,1114,992,13649.0
181,794,821,54.589376255824725
182,794,820,25.709920264364882
183,794,807,42.190046219457976
184,794,764,29.614185789921695
185,820,821,54.00925846556311
186,820,807,30.14962686336267
187,807,860,66.46803743153546
188,807,883,85.38149682454625
189,807,862,68.76772498781678
190,653,591,65.36818798161687
191,653,781,91.2414379544733
192,653,701,64.4980619863884
193,781,701,71.02816342831905
194,781,751,52.55473337388365
195,711,680,29.120439557122072
196,711,764,60.4648658313239
197,711,742,24.08318915758459
198,711,751,43.139309220245984
199,711,701,40.024992192379
200,764,821,69.20260110718382
201,764,742,52.952809179494906
202,742,751,29.614185789921695
203,751,701,39.81205847478876
204,889,887,37.05401462729781
205,889,908,28.844410203711913
206,889,862,43.41658669218482
207,887,919,42.485291572496
208,887,883,62.07253821135398
209,887,908,33.421549934136806
210,887,862,33.52610922848042
211,908,934,34.132096331752024
212,908,919,41.7612260356422
213,862,883,77.62087348130012
214,983,1021,29.017236257093817
215,858,860,86.14522621712709
216,858,821,62.00806399170998
217,858,792,65.37583651472461
218,858,884,79.75587752636166
219,858,906,79.05694150420949
220,858,849,25.632011235952593
221,860,821,56.72741841473134
222,860,884,38.91015291668744
223,860,883,39.44616584663204
224,821,792,49.92995093127971
225,792,760,43.278170016764804
226,792,849,64.00781202322104
227,792,789,29.068883707497267
228,792,704,66.007575322837
229,792,828,57.688820407423826
230,1463,1475,31.78049716414141
231,1463,1467,20.09975124224178
232,1463,1502,61.032778078668514
233,1475,1502,43.18564576337837
234,1467,1502,73.0
235,637,688,104130.0
236,59,58,18.110770276274835
237,59,43,39.824615503479755
238,59,40,34.539832078341085
239,59,63,39.20459156782532
240,59,77,29.0
241,58,40,34.36568055487916
242,58,53,33.12099032335839
243,58,77,32.449961479175904
244,43,40,44.553338819890925
245,43,63,30.083217912982647
246,40,26,70.68238818828917
247,40,53,38.47076812334269
248,13,26,47.0
249,13,2,32.31098884280702
250,60,45,23.259406699226016
251,60,61,39.20459156782532
252,60,74,31.11269837220809
253,44,61,28.284271247461902
254,44,37,19.209372712298546
255,44,45,25.179356624028344
256,44,26,40.162171256046406
257,44,53,44.14748010928823
258,37,34,18.973665961010276
259,37,45,22.20360331117452
260,37,26,33.97057550292606
261,45,34,24.515301344262525
262,45,61,38.28837943815329
263,26,34,46.238512086787566
264,26,53,56.60388679233962
265,87,99,28.792360097775937
266,36,30,30.4138126514911
267,30,32,58.215118311311535
268,63,75,27.85677655436824
269,63,77,46.32493928760188
270,63,84,42.5440947723653
271,75,99,37.64306044943742
272,75,84,32.89376840679705
273,75,101,35.6931365951495
274,75,88,19.79898987322333
275,238,241,30.4138126514911
276,238,257,30.675723300355934
277,323,392,50.20956084253277
278,323,367,47.50789408087881
279,323,413,50.695167422546305
280,323,269,32.55764119219941
281,323,320,15.231546211727817
282,303,392,48.010415536631214
283,303,257,26.248809496813376
284,303,269,36.05551275463989
285,303,320,22.80350850198276
286,257,241,39.92492955535426
287,257,269,38.3275357934736
288,257,280,37.36308338453881
289,269,242,40.24922359499622
290,269,320,27.202941017470888
291,320,392,46.95742752749558
292,218,184,34.713109915419565
293,218,224,25616.0
294,359,513,33226.0
295,397,338,6770.0
296,328,344,16.76305461424021
297,328,312,27.202941017470888
298,328,360,35.4682957019364
299,344,360,32.7566787083184
300,312,360,39.319206502675
301,318,362,28.792360097775937
302,522,489,31.240998703626616
303,522,550,17.26267650163207
304,522,486,29.068883707497267
305,489,467,34.0147027033899
306,489,550,42.5440947723653
307,489,486,43.04648650006177
308,591,521,62.24146527838174
309,591,701,64.00781202322104
310,680,701,36.359317925395686
311,472,468,16.278820596099706
312,472,439,24.041630560342615
313,472,467,22.561028345356956
314,468,439,21.93171219946131
315,439,467,34.132096331752024
316,704,650,48.373546489791295
317,704,760,49.678969393496885
318,704,719,29.546573405388315
319,1359,1253,16385.0
320,1336,1355,22.360679774997898
321,1336,1311,30.805843601498726
322,1336,1344,35.510561809129406
323,1336,1313,27.018512172212592
324,1336,1304,25.96150997149434
325,1304,1311,19.313207915827967
326,1304,1313,29.120439557122072
327,1477,1471,29.546573405388315
328,1477,1504,53.150729063673246
329,1477,1508,46.84015371452148
330,1477,1499,31.78049716414141
331,1471,1504,48.76474136094644
332,1504,1508,28.792360097775937
333,1504,1520,38.18376618407357
334,1355,1363,23.53720459187964
335,1355,1412,47.38143096192854
336,1355,1311,40.85339643163099
337,1363,1413,43.18564576337837
338,1363,1412,51.03920062069938
339,1363,1311,43.73785545725808
340,1333,1314,41.7612260356422
341,1333,1269,67.17886572427373
342,1314,1307,18.681541692269406
343,1314,1269,36.6742416417845
344,1339,1290,43.174066289845804
345,1339,1316,25.612496949731394
346,1339,1365,29.206163733020468
347,1339,1375,31.76476034853718
348,1307,1293,17.804493814764857
349,1307,1269,32.89376840679705
350,1307,1318,31.016124838541646
351,1293,1269,32.01562118716424
352,1293,1318,26.627053911388696
353,1276,1274,44.04543109109048
354,1276,1245,26.30589287593181
355,1276,1248,32.01562118716424
356,1276,1268,15.231546211727817
357,1538,1518,26.019223662515376
358,1538,1532,24.186773244895647
359,1519,1532,24.698178070456937
360,1519,1518,34.0
361,1519,1497,33.015148038438355
362,1519,1501,37.013511046643494
363,1519,1514,32.55764119219941
364,1532,1518,33.97057550292606
365,1245,1275,41.88078318274385
366,1245,1248,29.614185789921695
367,1245,1190,72.18032973047436
368,1245,1268,22.360679774997898
369,1248,1274,26.1725046566048
370,1248,1148,148.51935900750448
371,1248,1162,94.89467845985885
372,958,935,36.87817782917155
373,958,943,30.0
374,958,938,20.024984394500787
375,958,972,32.202484376209235
376,1192,1220,29.966648127543394
377,1192,1188,27.294688127912362
378,923,959,4756.0
379,996,993,21.095023109728988
380,996,972,21.2602916254693
381,996,964,33.60059523282288
382,972,943,37.05401462729781
383,972,964,38.27531841800928
384,882,874,34.539832078341085
385,882,904,39.20459156782532
386,882,911,31.25699921617557
387,882,867,24.08318915758459
388,964,993,29.017236257093817
389,964,939,31.400636936215164
390,964,987,28.284271247461902
391,964,943,44.94441010848846
392,964,956,35.6931365951495
393,911,935,36.05551275463989
394,911,922,29.832867780352597
395,911,904,35.6931365951495
396,413,465,39.0
397,413,446,45.65084884205331
398,413,367,59.50630218724736
399,413,392,25.553864678361276
400,392,405,20.396078054371138
401,405,433,28.792360097775937
402,405,414,33.24154027718932
403,405,355,30.4138126514911
404,1034,1001,31.906112267087632
405,1034,984,35.014282800023196
406,1034,1053,20.8806130178211
407,1034,1071,33.734255586866
408,1034,1017,26.0
409,1034,1040,22.847319317591726
410,675,635,54.589376255824725
411,675,677,30.265491900843113
412,675,705,30.01666203960727
413,675,565,58.42088667591412
414,675,579,61.61168720299745
415,677,635,34.9857113690718
416,677,682,31.575306807693888
417,677,705,26.627053911388696
418,486,436,1553.0
419,336,332,23.0
420,336,403,42.05948168962618
421,336,306,26.870057685088806
422,934,919,43.04648650006177
423,934,1021,7650.0
424,919,948,51.85556864985669
425,884,883,37.013511046643494
426,884,906,34.655446902326915
427,884,903,25.632011235952593
428,883,903,37.53664875824692
429,1125,1147,20.615528128088304
430,1125,1088,29.154759474226502
431,1041,1021,20.518284528683193
432,1074,1097,24.20743687382041
433,1074,992,5989.0
434,719,760,26.476404589747453
435,719,650,54.08326913195984
436,719,717,22.090722034374522
437,849,850,30.0
438,849,828,29.410882339705484
439,849,864,31.240998703626616
440,721,754,30.4138126514911
441,721,746,20.615528128088304
442,721,685,31.622776601683793
443,721,669,45.17742799230607
444,721,709,27.730849247724095
445,85,178,57033.0
446,733,726,18.0
447,74,61,24.758836806279895
448,74,89,38.948684188300895
449,74,128,85.28774824088158
450,121,124,43.0
451,121,128,45.89117562233506
452,29,34,27.730849247724095
453,29,25,31.78049716414141
454,25,9,44.0
455,89,128,69.1158447825099
456,89,91,26.019223662515376
457,99,140,74.33034373659252
458,99,101,37.64306044943742
459,78,91,26.627053911388696
460,78,95,25.632011235952593
461,78,77,26.476404589747453
462,91,95,32.28002478313795
463,91,116,46.95742752749558
464,100,95,33.015148038438355
465,100,77,34.0
466,100,84,18.110770276274835
467,100,114,33.24154027718932
468,100,101,26.68332812825267
469,100,88,24.20743687382041
470,95,119,38.897300677553446
471,95,77,33.61547262794322
472,95,116,34.48187929913333
473,77,84,21.633307652783937
474,84,88,17.26267650163207
475,114,119,30.265491900843113
476,114,137,34.48187929913333
477,114,101,31.064449134018133
478,114,140,53.075418038862395
479,101,88,22.135943621178654
480,101,140,65.7875368135941
481,280,307,29.832867780352597
482,280,265,22.47220505424423
483,280,241,25.019992006393608
484,355,307,37.48332962798263
485,355,414,34.20526275297414
486,355,369,34.52535300326414
487,199,272,63.15853069855251
488,199,152,33.1058907144937
489,199,224,54.12947441089743
490,199,242,44.10215414239989
491,199,178,38.01315561749642
492,152,178,23.853720883753127
493,224,272,42.43819034784589
494,224,178,42.720018726587654
495,224,304,13940.0
496,362,314,8725.0
497,505,479,28.42534080710379
498,505,565,41.0
499,505,447,1805.0
500,565,579,30.083217912982647
501,565,506,10357.0
502,579,635,26.832815729997478
503,403,372,31.064449134018133
504,403,440,33.83784863137726
505,403,332,37.12142238654117
506,447,441,31.064449134018133
507,1364,1278,10954.0
508,1208,1148,124.16923934694937
509,1208,1218,19.849433241279208
510,1208,1014,165.36626016210198
511,1070,1014,93.02150289046077
512,1070,1094,2593.0
513,1014,1148,155.97435686676192
514,1274,1148,150.60212481900777
515,1274,1279,102.04410811016969
516,1148,1279,129.2594290564522
517,1148,1162,116.72617529928752
518,1148,1122,132.51792331605563
519,1285,1241,54.817880294662984
520,1285,1279,27.459060435491963
521,1285,1308,22.847319317591726
522,1285,1313,42.80186911806539
523,1279,1241,75.76938695805846
524,1279,1308,31.622776601683793
525,1508,1517,35.510561809129406
526,1508,1499,30.528675044947494
527,1508,1520,17.0
528,1496,1499,42.1070065428546
529,1496,1497,34.058772731852805
530,1496,1510,30.4138126514911
531,1496,1514,29.154759474226502
532,1499,1517,35.22782990761707
533,1499,1510,26.90724809414742
534,1412,1413,25.019992006393608
535,1412,1455,44.384682042344295
536,1490,1465,28.442925306655784
537,1490,1480,40.26164427839479
538,1480,1465,47.53945729601885
539,1480,1455,35.90264614203248
540,1391,1411,56.92099788303083
541,1391,1365,22.090722034374522
542,1391,1375,38.91015291668744
543,1375,1316,44.28317965096906
544,1375,1365,33.37663853655727
545,1411,1365,68.81860213634101
546,1411,1367,37.44329045369811
547,1542,1540,22.02271554554524
548,1542,1528,17.46424919657298
549,1540,1530,30.805843601498726
550,1540,1528,21.213203435596427
551,1528,1530,26.627053911388696
552,1528,1507,36.359317925395686
553,1518,1530,47.042533945356304
554,1518,1498,37.16180835212409
555,1518,1501,31.016124838541646
556,1518,1524,39.698866482558415
557,1498,1501,26.476404589747453
558,1498,1524,17.0
559,1297,1227,26221.0
560,1098,1088,13.92838827718412
561,935,922,27.018512172212592
562,935,938,27.294688127912362
563,1015,1122,6817.0
564,1365,1367,77.52418977325722
565,1365,1317,62.80127387243033
566,1018,994,19.209372712298546
567,900,892,29.120439557122072
568,900,899,39.11521443121589
569,900,927,23.430749027719962
570,900,915,27.073972741361768
571,984,1001,31.622776601683793
572,984,975,29.017236257093817
573,984,971,26.92582403567252
574,984,1017,35.35533905932738
575,1053,1071,18.384776310850235
576,1053,1040,18.601075237738275
577,1100,1269,162.2374802565671
578,1100,1071,20.09975124224178
579,1017,1005,18.681541692269406
580,1017,975,26.30589287593181
581,1017,1040,19.235384061671343
582,993,987,21.02379604162864
583,939,929,27.85677655436824
584,939,910,37.12142238654117
585,939,943,43.56604182158393
586,939,914,32.202484376209235
587,939,956,38.41874542459709
588,987,956,30.886890422961002
589,987,998,24.351591323771842
590,898,868,39.66106403010388
591,898,894,32.01562118716424
592,898,910,34.655446902326915
593,898,912,23.194827009486403
594,894,868,33.52610922848042
595,894,876,37.013511046643494
596,894,899,31.575306807693888
597,894,918,32.0624390837628
598,894,912,37.64306044943742
599,910,929,24.698178070456937
600,910,914,36.6742416417845
601,910,912,28.0178514522438
602,920,922,29.732137494637012
603,920,904,22.627416997969522
604,920,943,33.13608305156178
605,920,914,27.0
606,920,938,38.01315561749642
607,920,895,31.953090617340916
608,922,904,28.635642126552707
609,922,938,21.840329667841555
610,904,874,37.013511046643494
611,904,895,30.4138126514911
612,943,914,40.80441152620633
613,943,938,25.079872407968907
614,914,895,34.0
615,895,873,27.313000567495326
616,895,874,34.713109915419565
617,685,669,32.57299494980466
618,685,636,31.064449134018133
619,685,645,35.4682957019364
620,685,709,23.430749027719962
621,563,636,40.311288741492746
622,563,531,30.805843601498726
623,563,516,31.622776601683793
624,563,583,41.48493702538308
625,563,624,50.99019513592785
626,563,559,39.11521443121589
627,636,645,25.317977802344327
628,636,624,43.41658669218482
629,636,559,54.817880294662984
630,431,398,8450.0
631,661,709,55.44366510251645
632,661,639,31.304951684997057
633,661,694,26.832815729997478
634,661,645,36.40054944640259
635,694,759,48.38388161361178
636,694,667,40.24922359499622
637,694,639,41.23105625617661
638,694,709,56.089214649520635
639,645,709,45.70557952810576
640,645,559,47.853944456021594
641,709,746,35.35533905932738
642,867,874,35.73513677041127
643,867,847,32.01562118716424
644,915,899,23.769728648009426
645,915,927,20.0
646,915,918,39.11521443121589
647,971,967,25.632011235952593
648,971,974,17.46424919657298
649,971,1001,25.0
650,974,1035,40.52159917870962
651,974,967,17.88854381999832
652,974,1001,24.08318915758459
653,974,998,38.600518131237564
654,1001,1035,34.20526275297414
655,998,1035,38.2099463490856
656,998,967,39.6232255123179
657,998,956,35.90264614203248
658,878,892,48.54894437575342
659,878,877,51.15662224971465
660,892,899,41.593268686170845
661,892,877,24.166091947189145
662,876,868,40.024992192379
663,876,853,36.40054944640259
664,876,899,29.068883707497267
665,876,857,26.627053911388696
666,876,877,33.0
667,899,877,42.44997055358225
668,899,918,42.01190307520001
669,550,626,60.959002616512684
670,650,626,44.91102314577124
671,354,308,27.65863337187866
672,354,314,38.27531841800928
673,354,309,33.61547262794322
674,354,339,29.120439557122072
675,354,417,32.984845004941285
676,354,395,25.553864678361276
677,38,32,69.85699678629192
678,38,67,2626.0
679,774,804,8884.0
680,789,804,37.33630940518894
681,789,760,26.30589287593181
682,789,828,38.948684188300895
683,760,804,49.8196748283246
684,760,717,32.7566787083184
685,828,850,27.294688127912362
686,828,804,26.40075756488817
687,717,804,68.4470598345904
688,850,804,45.09988913511872
689,850,864,26.0
690,791,754,29.966648127543394
691,791,831,34.52535300326414
692,791,746,33.61547262794322
693,791,799,23.08679276123039
694,754,746,30.066592756745816
695,754,783,31.400636936215164
696,831,853,34.9857113690718
697,831,799,31.38470965295043
698,831,823,32.01562118716424
699,831,836,19.1049731745428
700,831,829,26.1725046566048
701,746,799,36.345563690772494
702,799,795,22.02271554554524
703,799,829,31.622776601683793
704,759,772,24.041630560342615
705,759,780,19.235384061671343
706,700,688,31.32091952673165
707,700,747,37.57658845611187
708,700,669,41.340053217188775
709,700,659,30.265491900843113
710,747,688,45.221676218380054
711,747,784,27.294688127912362
712,747,783,34.655446902326915
713,669,659,32.01562118716424
714,669,624,30.4138126514911
715,726,688,64850.0
716,499,513,21970.0
717,408,513,20660.0
718,401,513,13613.0
719,307,265,31.25699921617557
720,307,369,33.95585369269929
721,265,241,22.20360331117452
722,235,261,67.446274915669
723,235,210,60.440052945046304
724,235,171,46.57252408878007
725,171,210,53.85164807134504
726,171,137,41.400483088968905
727,171,140,41.10960958218893
728,140,137,56.32051136131489
729,67,65,38.05259518088089
730,316,272,32.64965543462902
731,316,242,48.373546489791295
732,316,367,34.539832078341085
733,316,384,43.93176527297759
734,272,242,53.31041174104736
735,422,446,25.553864678361276
736,422,367,34.92849839314596
737,422,471,35.35533905932738
738,422,421,22.02271554554524
739,422,384,26.92582403567252
740,446,465,28.653097563788805
741,446,367,49.040799340956916
742,446,471,27.80287754891569
743,446,487,32.7566787083184
744,367,384,24.596747752497688
745,471,498,29.966648127543394
746,471,421,45.0
747,471,516,26.30589287593181
748,471,487,26.0
749,531,498,25.317977802344327
750,531,516,37.0
751,531,583,32.64965543462902
752,531,556,38.600518131237564
753,516,498,33.61547262794322
754,516,487,25.612496949731394
755,516,559,39.6232255123179
756,384,421,23.40939982143925
757,459,456,31.575306807693888
758,459,417,38.3275357934736
759,410,372,33.24154027718932
760,410,456,33.24154027718932
761,410,440,36.61966684720111
762,410,339,41.048751503547585
763,410,395,20.248456731316587
764,417,456,41.23105625617661
765,417,395,23.259406699226016
766,395,456,42.2965719651132
767,395,339,33.54101966249684
768,635,682,38.27531841800928
769,635,618,39.20459156782532
770,635,664,43.266615305567875
771,682,664,25.942243542145693
772,618,586,30.610455730027933
773,618,664,28.160255680657446
774,586,524,30.4138126514911
775,586,664,54.20332093147061
776,479,440,27.80287754891569
777,479,483,39.01281840626232
778,479,520,38.897300677553446
779,440,372,45.5411901469428
780,440,456,43.174066289845804
781,440,483,31.827660925679098
782,582,521,53.81449618829484
783,1241,1218,41.048751503547585
784,1241,1313,60.67124524847005
785,1319,1349,37.64306044943742
786,1319,1302,36.6742416417845
787,1379,1393,13.601470508735444
788,1393,1349,2197.0
789,1327,1308,21.633307652783937
790,1327,1344,19.72308292331602
791,1327,1313,33.61547262794322
792,1308,1313,43.289721643826724
793,1344,1313,26.92582403567252
794,1536,1517,25.238858928247925
795,1536,1543,22.360679774997898
796,1536,1520,28.0178514522438
797,1520,1517,30.066592756745816
798,1510,1517,23.345235059857504
799,1510,1514,26.248809496813376
800,1514,1544,35.22782990761707
801,1514,1497,41.10960958218893
802,1517,1543,26.248809496813376
803,1543,1544,29.017236257093817
804,1444,1465,33.13608305156178
805,1444,1409,36.87817782917155
806,1444,1413,36.069377593742864
807,1444,1455,42.15447781671598
808,1465,1455,39.81205847478876
809,1409,1413,49.040799340956916
810,1413,1455,44.27188724235731
811,1300,1275,23.40939982143925
812,1300,1268,30.23243291566195
813,1300,1289,16.15549442140351
814,1300,1316,34.48187929913333
815,1268,1275,25.179356624028344
816,1289,1290,25.179356624028344
817,1289,1275,17.46424919657298
818,1289,1316,27.459060435491963
819,1316,1290,27.85677655436824
820,1497,1501,24.331050121192877
821,1489,1530,56.85068161420758
822,1489,1524,56.64803615307419
823,1489,1507,28.442925306655784
824,1524,1530,29.410882339705484
825,1507,1530,44.01136216933077
826,1221,1204,26210.0
827,1189,1024,23761.0
828,1147,1093,7016.0
829,1220,1260,41.7612260356422
830,1220,1188,34.0147027033899
831,1220,1210,32.57299494980466
832,1220,1239,23.323807579381203
833,1269,1242,42.01190307520001
834,1367,1356,36.235341863986875
835,1367,1322,40.024992192379
836,1367,1317,54.20332093147061
837,1356,1318,31.04834939252005
838,1356,1322,31.827660925679098
839,1318,1288,34.40930106817051
840,1318,1322,32.01562118716424
841,1322,1288,37.64306044943742
842,1322,1317,36.87817782917155
843,1290,1275,34.539832078341085
844,994,976,820.0
845,1005,1029,19.1049731745428
846,1005,976,22.847319317591726
847,1005,975,25.238858928247925
848,959,927,55.21775076911409
849,959,976,28.0178514522438
850,959,975,35.608987629529715
851,976,975,23.0
852,444,433,14.317821063276353
853,444,469,19.697715603592208
854,444,414,22.47220505424423
855,391,448,34.92849839314596
856,391,414,47.53945729601885
857,391,369,25.80697580112788
858,391,333,36.24913792078372
859,391,371,36.76955262170047
860,414,433,25.80697580112788
861,414,448,43.9089968002003
862,414,369,36.796738985948195
863,333,279,33.54101966249684
864,333,371,26.870057685088806
865,371,426,32.7566787083184
866,371,398,31.76476034853718
867,398,426,27.018512172212592
868,829,853,28.160255680657446
869,829,795,33.24154027718932
870,829,841,50.566787519082126
871,868,853,26.248809496813376
872,868,841,45.221676218380054
873,853,836,36.235341863986875
874,853,857,37.656340767525464
875,853,841,54.3323108288245
876,826,775,48.27007354458868
877,826,811,43.965895873961216
878,826,832,8500.0
879,873,874,37.05401462729781
880,873,852,31.32091952673165
881,874,847,38.62641583165593
882,874,852,42.5205832509386
883,967,956,37.8549864614954
884,967,947,23.853720883753127
885,956,929,34.23448553724738
886,956,947,26.832815729997478
887,848,823,27.892651361962706
888,848,836,28.178005607210743
889,848,857,22.825424421026653
890,848,877,33.06055050963308
891,848,837,22.80350850198276
892,836,823,22.80350850198276
893,836,857,24.515301344262525
894,857,877,28.42534080710379
895,258,308,36.89173349139343
896,258,275,32.57299494980466
897,258,314,37.48332962798263
898,258,260,19.026297590440446
899,258,170,4352.0
900,308,275,23.706539182259394
901,308,314,26.68332812825267
902,308,309,23.08679276123039
903,275,309,22.47220505424423
904,314,260,38.27531841800928
905,107,147,88.40814442120137
906,921,933,28.844410203711913
907,921,903,26.92582403567252
908,921,948,40.80441152620633
909,921,955,44.64302857109943
910,903,906,33.015148038438355
911,903,933,40.26164427839479
912,948,955,37.36308338453881
913,955,992,29.068883707497267
914,955,950,35.90264614203248
915,955,933,29.546573405388315
916,864,893,43.139309220245984
917,864,896,32.0
918,1086,1093,31.064449134018133
919,1086,1089,39.05124837953327
920,1086,1113,29.0
921,1113,1156,39.6232255123179
922,1113,1089,29.832867780352597
923,1124,1093,28.844410203711913
924,1124,1156,25.298221281347036
925,803,784,36.05551275463989
926,803,783,21.540659228538015
927,803,814,23.259406699226016
928,803,823,29.0
929,803,837,34.36568055487916
930,784,783,38.0
931,784,814,31.32091952673165
932,814,837,28.844410203711913
933,823,837,28.178005607210743
934,513,556,28.0178514522438
935,659,688,39.96248240537617
936,659,624,25.495097567963924
937,583,556,28.42534080710379
938,583,624,23.08679276123039
939,127,116,18.027756377319946
940,127,119,26.92582403567252
941,127,137,37.94733192202055
942,116,119,22.360679774997898
943,119,137,29.068883707497267
944,261,279,28.635642126552707
945,261,210,35.6931365951495
946,261,240,26.40075756488817
947,279,240,28.442925306655784
948,125,267,13250.0
949,498,421,49.0
950,421,381,4205.0
951,500,456,28.071337695236398
952,500,483,23.430749027719962
953,500,520,31.016124838541646
954,500,524,29.698484809834994
955,456,483,23.853720883753127
956,483,520,28.231188426986208
957,1315,1253,3077.0
958,1250,1302,1845.0
959,1302,1283,28.178005607210743
960,1200,1215,20.615528128088304
961,1200,1204,27.65863337187866
962,1200,1178,25.553864678361276
963,1200,1193,16.492422502470642
964,1200,1227,34.9857113690718
965,1200,1181,24.20743687382041
966,1227,1253,32.01562118716424
967,1227,1204,25.632011235952593
968,1227,1215,34.0147027033899
969,1218,1255,2381.0
970,1206,1204,9620.0
971,1181,1156,36.40054944640259
972,1181,1204,22.47220505424423
973,1181,1178,32.7566787083184
974,1162,1122,36.24913792078372
975,1191,1214,24.20743687382041
976,1191,1188,21.213203435596427
977,1191,1210,18.439088914585774
978,1188,1210,27.018512172212592
979,1210,1214,19.026297590440446
980,1210,1239,35.510561809129406
981,1288,1280,25.709920264364882
982,1288,1252,30.364452901377952
983,1317,1286,31.0
984,487,465,25.45584412271571
985,487,508,37.64306044943742
986,487,559,43.93176527297759
987,559,555,31.25699921617557
988,559,508,41.86884283091664
989,426,478,37.69615364994153
990,795,841,62.12889826803627
991,795,787,24.73863375370596
992,772,787,22.20360331117452
993,772,780,23.323807579381203
994,786,811,35.38361202590826
995,811,775,46.010868281309364
996,811,847,37.48332962798263
997,847,852,42.190046219457976
998,816,841,37.73592452822641
999,816,852,54.48853090330111
1000,816,787,39.698866482558415
1001,816,780,32.14031735997639
1002,841,787,58.855755878248644
1003,787,780,33.54101966249684
1004,928,929,28.0178514522438
1005,928,918,23.430749027719962
1006,928,947,23.0
1007,928,912,24.698178070456937
1008,918,912,28.160255680657446
1009,947,929,35.608987629529715
1010,912,929,30.610455730027933
1011,170,147,33.28663395418648
1012,309,339,23.706539182259394
1013,260,276,2522.0
1014,260,186,11941.0
1015,276,253,18.867962264113206
1016,1000,992,33.95585369269929
1017,1000,1024,15.524174696260024
1018,1000,989,16.278820596099706
1019,1000,1013,31.622776601683793
1020,1024,1013,34.36568055487916
1021,989,979,24.331050121192877
1022,989,1013,27.65863337187866
1023,979,985,26.1725046566048
1024,979,961,23.706539182259394
1025,979,1013,25.709920264364882
1026,1013,985,38.8329756778952
1027,950,933,29.832867780352597
1028,906,933,44.41846462902562
1029,906,902,65.00769185258002
1030,893,896,30.01666203960727
1031,896,902,29.410882339705484
1032,902,936,41.97618372363071
1033,1178,1193,18.24828759089466
1034,1193,1215,20.223748416156685
1035,210,240,33.83784863137726
1036,1253,1215,40.52159917870962
1037,1253,1278,28.284271247461902
1038,1283,1278,25.495097567963924
1039,1283,1331,1961.0
1040,1329,1331,16.0
1041,1231,1204,2357.0
1042,1280,1286,22.20360331117452
1043,1280,1252,28.0178514522438
1044,1239,1260,31.240998703626616
1045,1239,1252,31.016124838541646
1046,1286,1260,22.67156809750927
1047,1232,1242,21.840329667841555
1048,1232,1214,23.769728648009426
1049,1232,1252,22.67156809750927
1050,1252,1242,37.64306044943742
1051,1242,1214,39.6232255123179
1052,433,469,24.515301344262525
1053,433,457,32.7566787083184
1054,465,508,34.132096331752024
1055,465,457,39.01281840626232
1056,527,555,34.539832078341085
1057,527,469,42.04759208325728
1058,527,552,43.174066289845804
1059,527,508,39.0
1060,527,457,47.43416490252569
1061,527,573,36.796738985948195
1062,527,576,31.78049716414141
1063,555,508,28.284271247461902
1064,555,576,30.805843601498726
1065,469,552,53.665631459994955
1066,469,457,33.734255586866
1067,552,573,21.213203435596427
1068,552,652,6397.0
1069,508,457,36.61966684720111
1070,573,576,34.52535300326414
1071,573,607,23.769728648009426
1072,667,639,28.284271247461902
1073,667,607,33.734255586866
1074,639,576,29.068883707497267
1075,639,607,29.966648127543394
1076,576,607,29.68164415931166
1077,652,666,17.204650534085253
1078,478,485,1181.0
1079,332,306,19.4164878389476
1080,332,372,30.479501308256342
1081,339,372,30.23243291566195
1082,969,985,17.69180601295413
1083,969,961,30.463092423455635
1084,969,957,31.953090617340916
1085,969,936,40.85339643163099
1086,985,961,28.30194339616981
1087,961,936,29.068883707497267
1088,957,949,26.40075756488817
1089,957,936,52.478567053607705
1090,957,1007,43.32435804486894
1091,1046,1089,37.73592452822641
1092,1046,1007,29.154759474226502
1093,891,926,6565.0
1094,1007,949,52.952809179494906
1095,688,610,13234.0
1096,610,584,18.027756377319946
1097,610,608,16.0312195418814
1098,584,608,15.231546211727817
1099,607,655,2612.0
1100,678,668,17.11724276862369
1101,666,668,61.07372593840988
1102,270,247,17.804493814764857
1103,270,281,23.40939982143925
1104,247,281,24.596747752497688
1105,288,306,17.029386365926403
1106,288,267,25.079872407968907
1107,306,267,23.259406699226016
1108,949,930,33.24154027718932
1109,930,926,23.769728648009426
1110,438,464,20.0
1111,438,455,30.4138126514911
1112,437,455,17.204650534085253
1113,455,464,27.65863337187866
1114,716,668,35.35533905932738
1115,464,485,21.02379604162864
